,price,volume
2015-03-27,259.0,
2015-03-28,262.0,
2015-03-29,266.0,
2015-03-30,267.0,
2015-03-31,254.0,
2015-04-01,248.0,
2015-04-02,254.0,
2015-04-03,259.0,
2015-04-04,263.0,
2015-04-05,252.0,
2015-04-06,240.0,
2015-04-07,229.0,
2015-04-08,222.0,
2015-04-09,223.0,
2015-04-10,222.0,
2015-04-11,225.0,
2015-04-12,218.0,
2015-04-13,215.0,
2015-04-14,211.0,
2015-04-15,215.0,
2015-04-16,222.0,
2015-04-17,227.0,
2015-04-18,223.0,
2015-04-19,221.0,
2015-04-20,217.0,
2015-04-21,213.0,
2015-04-22,211.0,
2015-04-23,218.0,
2015-04-24,220.0,
2015-04-25,221.0,
2015-04-26,218.0,
2015-04-27,212.0,
2015-04-28,204.0,
2015-04-29,199.0,
2015-04-30,198.0,
2015-05-01,195.0,
2015-05-02,195.0,
2015-05-03,193.0,
2015-05-04,195.0,
2015-05-05,193.0,
2015-05-06,194.0,
2015-05-07,191.0,
2015-05-08,188.0,
2015-05-09,184.0,
2015-05-10,176.0,
2015-05-11,170.0,
2015-05-12,171.0,
2015-05-13,172.0,
2015-05-14,175.0,
2015-05-15,172.0,
2015-05-16,170.0,
2015-05-17,169.0,
2015-05-18,167.0,
2015-05-19,170.0,
2015-05-20,175.0,
2015-05-21,175.0,
2015-05-22,182.0,
2015-05-23,190.0,
2015-05-24,185.0,
2015-05-25,175.0,
2015-05-26,172.0,
2015-05-27,173.0,
2015-05-28,171.0,
2015-05-29,174.0,
2015-05-30,176.0,
2015-05-31,172.0,
2015-06-01,169.0,
2015-06-02,170.0,
2015-06-03,173.0,
2015-06-04,168.0,
2015-06-05,166.0,
2015-06-06,172.0,
2015-06-07,177.0,
2015-06-08,174.0,
2015-06-09,172.0,
2015-06-10,174.0,
2015-06-11,173.0,
2015-06-12,171.0,
2015-06-13,167.0,
2015-06-14,163.0,
2015-06-15,161.0,
2015-06-16,157.0,
2015-06-17,156.0,
2015-06-18,158.0,
2015-06-19,162.0,
2015-06-20,164.0,
2015-06-21,166.0,
2015-06-22,159.0,
2015-06-23,161.0,
2015-06-24,167.0,
2015-06-25,175.0,
2015-06-26,182.0,
2015-06-27,177.0,
2015-06-28,181.0,
2015-06-29,179.0,
2015-06-30,186.0,
2015-07-01,196.0,
2015-07-02,201.0,
2015-07-03,212.0,
2015-07-04,216.0,
2015-07-05,209.0,
2015-07-06,202.0,
2015-07-07,208.0,
2015-07-08,210.0,
2015-07-09,208.0,
2015-07-10,209.0,
2015-07-11,205.0,
2015-07-12,197.0,
2015-07-13,193.0,
2015-07-14,186.0,
2015-07-15,176.0,
2015-07-16,168.0,
2015-07-17,160.0,
2015-07-18,160.0,
2015-07-19,167.0,
2015-07-20,166.0,
2015-07-21,169.0,
2015-07-22,178.0,
2015-07-23,172.0,
2015-07-24,173.0,
2015-07-25,176.0,
2015-07-26,174.0,
2015-07-27,176.0,
2015-07-28,172.0,
2015-07-29,176.0,
2015-07-30,172.0,
2015-07-31,167.0,
2015-08-01,166.0,
2015-08-02,164.0,
2015-08-03,163.0,
2015-08-04,162.0,
2015-08-05,161.0,
2015-08-06,158.0,
2015-08-07,159.0,
2015-08-08,162.0,
2015-08-09,157.0,
2015-08-10,157.0,
2015-08-11,160.0,
2015-08-12,160.0,
2015-08-13,168.0,
2015-08-14,166.0,
2015-08-15,166.0,
2015-08-16,167.0,
2015-08-17,172.0,
2015-08-18,172.0,
2015-08-19,173.0,
2015-08-20,175.0,
2015-08-21,183.0,
2015-08-22,191.0,
2015-08-23,197.0,
2015-08-24,198.0,
2015-08-25,197.0,
2015-08-26,203.0,
2015-08-27,197.0,
2015-08-28,191.0,
2015-08-29,185.0,
2015-08-30,177.0,
2015-08-31,170.0,
2015-09-01,168.0,
2015-09-02,166.0,
2015-09-03,168.0,
2015-09-04,169.0,
2015-09-05,170.0,
2015-09-06,174.0,
2015-09-07,176.0,
2015-09-08,174.0,
2015-09-09,173.0,
2015-09-10,175.0,
2015-09-11,180.0,
2015-09-12,187.0,
2015-09-13,192.0,
2015-09-14,194.0,
2015-09-15,199.0,
2015-09-16,199.0,
2015-09-17,198.0,
2015-09-18,192.0,
2015-09-19,190.0,
2015-09-20,183.0,
2015-09-21,175.0,
2015-09-22,178.0,
2015-09-23,176.0,
2015-09-24,173.0,
2015-09-25,168.0,
2015-09-26,165.0,
2015-09-28,157.0,
2015-09-29,155.0,
2015-09-30,154.0,
2015-10-01,157.0,
2015-10-06,167.0,
2015-10-07,161.0,
2015-10-08,157.0,
2015-10-09,151.0,
2015-10-10,145.0,
2015-10-11,139.0,
2015-10-12,133.0,
2015-10-13,135.0,
2015-10-14,140.0,
2015-10-15,145.0,
2015-10-16,143.0,
2015-10-17,139.0,
2015-10-18,138.0,
2015-10-19,139.0,
2015-10-20,139.0,
2015-10-21,144.0,
2015-10-23,146.0,
2015-10-24,145.0,
2015-10-25,148.0,
2015-10-26,146.0,
2015-10-27,142.0,
2015-10-28,144.0,
2015-10-30,139.0,
2015-10-31,139.0,
2015-11-01,141.0,
2015-11-02,147.0,
2015-11-03,142.0,
2015-11-04,145.0,
2015-11-05,143.0,
2015-11-06,140.0,
2015-11-07,143.0,
2015-11-08,146.0,
2015-11-09,148.0,
2015-11-10,152.0,
2015-11-11,154.0,
2015-11-12,160.0,
2015-11-13,165.0,
2015-11-14,172.0,
2015-11-15,174.0,
2015-11-16,173.0,
2015-11-17,171.0,
2015-11-18,169.0,
2015-11-19,176.0,
2015-11-20,184.0,
2015-11-21,194.0,
2015-11-22,204.0,
2015-11-23,207.0,
2015-11-24,218.0,
2015-11-25,228.0,
2015-11-26,234.0,
2015-11-27,245.0,
2015-11-28,249.0,
2015-11-29,248.0,
2015-11-30,239.0,
2015-12-01,246.0,
2015-12-02,250.0,
2015-12-03,247.0,
2015-12-04,243.0,
2015-12-05,245.0,
2015-12-06,251.0,
2015-12-07,243.0,
2015-12-08,242.0,
2015-12-09,250.0,
2015-12-10,245.0,
2015-12-11,254.0,
2015-12-12,250.0,
2015-12-13,240.0,
2015-12-14,232.0,
2015-12-15,236.0,
2015-12-16,226.0,
2015-12-17,214.0,
2015-12-18,203.0,
2015-12-19,192.0,
2015-12-20,182.0,
2015-12-21,173.0,
2015-12-22,168.0,
2015-12-23,165.0,
2015-12-24,162.0,
2015-12-25,164.0,
2015-12-26,168.0,
2015-12-27,168.0,
2015-12-28,173.0,
2015-12-29,182.0,
2015-12-30,191.0,
2015-12-31,201.0,
2016-01-01,208.0,
2016-01-02,212.0,
2016-01-03,214.0,
2016-01-04,214.0,
2016-01-05,222.0,
2016-01-06,220.0,
2016-01-07,216.0,
2016-01-08,209.0,
2016-01-09,208.0,
2016-01-10,212.0,
2016-01-11,205.0,
2016-01-12,199.0,
2016-01-13,201.0,
2016-01-14,210.0,
2016-01-15,211.0,
2016-01-16,209.0,
2016-01-17,210.0,
2016-01-18,220.0,
2016-01-19,230.0,
2016-01-20,242.0,
2016-01-21,238.0,
2016-01-22,235.0,
2016-01-23,230.0,
2016-01-24,235.0,
2016-01-25,235.0,
2016-01-26,229.0,
2016-01-27,226.0,
2016-01-28,217.0,
2016-01-29,217.0,
2016-01-30,216.0,
2016-01-31,224.0,
2016-02-01,216.0,
2016-02-02,211.0,
2016-02-03,206.0,
2016-02-04,204.0,
2016-02-05,203.0,
2016-02-06,200.0,
2016-02-07,195.0,
2016-02-08,201.0,
2016-02-09,212.0,
2016-02-10,222.0,
2016-02-11,227.0,
2016-02-12,236.0,
2016-02-13,247.0,
2016-02-14,247.0,
2016-02-15,236.0,
2016-02-16,227.0,
2016-02-17,220.0,
2016-02-18,211.0,
2016-02-19,208.0,
2016-02-20,206.0,
2016-02-21,204.0,
2016-02-22,205.0,
2016-02-23,203.0,
2016-02-24,197.0,
2016-02-25,198.0,
2016-02-26,193.0,
2016-02-27,194.0,
2016-02-28,186.0,
2016-02-29,184.0,
2016-03-01,180.0,
2016-03-02,175.0,
2016-03-03,178.0,
2016-03-04,178.0,
2016-03-05,184.0,
2016-03-06,187.0,
2016-03-07,184.0,
2016-03-08,189.0,
2016-03-09,186.0,
2016-03-10,186.0,
2016-03-11,183.0,
2016-03-12,191.0,
2016-03-13,188.0,
2016-03-14,189.0,
2016-03-15,186.0,
2016-03-16,190.0,
2016-03-17,187.0,
2016-03-18,193.0,
2016-03-19,195.0,
2016-03-20,199.0,
2016-03-21,198.0,
2016-03-22,196.0,
2016-03-23,195.0,
2016-03-24,194.0,
2016-03-25,198.0,
2016-03-26,194.0,
2016-03-27,193.0,
2016-03-28,195.0,
2016-03-29,190.0,
2016-03-30,187.0,
2016-03-31,189.0,
2016-04-01,184.0,
2016-04-02,188.0,
2016-04-03,187.0,
2016-04-04,194.0,
2016-04-05,194.0,
2016-04-06,194.0,
2016-04-07,192.0,
2016-04-08,195.0,
2016-04-09,195.0,
2016-04-10,197.0,
2016-04-11,200.0,
2016-04-12,207.0,
2016-04-13,203.0,
2016-04-14,199.0,
2016-04-15,196.0,
2016-04-16,197.0,
2016-04-17,197.0,
2016-04-18,197.0,
2016-04-19,199.0,
2016-04-20,198.0,
2016-04-21,195.0,
2016-04-22,194.0,
2016-04-23,196.0,
2016-04-24,193.0,
2016-04-25,191.0,
2016-04-26,189.0,
2016-04-27,186.0,
2016-04-28,183.0,
2016-04-29,181.0,
2016-04-30,177.0,
2016-05-01,173.0,
2016-05-02,174.0,
2016-05-03,166.0,
2016-05-04,157.0,
2016-05-05,152.0,
2016-05-06,148.0,
2016-05-07,152.0,
2016-05-08,150.0,
2016-05-09,150.0,
2016-05-10,144.0,
2016-05-11,141.0,
2016-05-12,143.0,
2016-05-13,146.0,
2016-05-14,143.0,
2016-05-15,138.0,
2016-05-16,138.0,
2016-05-17,141.0,
2016-05-18,143.0,
2016-05-19,141.0,
2016-05-20,142.0,
2016-05-23,136.0,
2016-05-24,140.0,
2016-05-25,146.0,
2016-05-26,154.0,
2016-05-27,157.0,
2016-05-28,156.0,
2016-05-29,158.0,
2016-05-30,159.0,
2016-05-31,158.0,
2016-06-01,154.0,
2016-06-02,155.0,
2016-06-03,163.0,
2016-06-04,172.0,
2016-06-05,180.0,
2016-06-06,188.0,
2016-06-07,191.0,
2016-06-08,198.0,
2016-06-09,200.0,
2016-06-10,205.0,
2016-06-11,214.0,
2016-06-12,215.0,
2016-06-13,217.0,
2016-06-14,218.0,
2016-06-15,227.0,
2016-06-16,238.0,
2016-06-17,250.0,
2016-06-18,263.0,
2016-06-19,274.0,
2016-06-20,273.0,
2016-06-21,282.0,
2016-06-22,292.0,
2016-06-23,300.0,
2016-06-24,297.0,
2016-06-25,289.0,
2016-06-26,278.0,
2016-06-27,267.0,
2016-06-28,267.0,
2016-06-29,276.0,
2016-06-30,277.0,
2016-07-01,269.0,
2016-07-02,255.0,
2016-07-03,243.0,
2016-07-04,234.0,
2016-07-05,222.0,
2016-07-06,218.0,
2016-07-07,221.0,
2016-07-08,220.0,
2016-07-09,216.0,
2016-07-10,209.0,
2016-07-11,198.0,
2016-07-12,190.0,
2016-07-13,191.0,
2016-07-14,192.0,
2016-07-15,196.0,
2016-07-16,202.0,
2016-07-17,204.0,
2016-07-18,205.0,
2016-07-19,203.0,
2016-07-24,238.0,
2016-07-25,235.0,
2016-07-26,240.0,
2016-07-27,248.0,
2016-07-28,251.0,
2016-07-29,247.0,
2016-07-30,235.0,
2016-07-31,223.0,
2016-08-01,211.0,
2016-08-02,200.0,
2016-08-03,190.0,
2016-08-04,181.0,
2016-08-05,175.0,
2016-08-06,179.0,
2016-08-07,176.0,
2016-08-08,170.0,
2016-08-09,175.0,
2016-08-10,176.0,
2016-08-11,174.0,
2016-08-12,172.0,
2016-08-13,173.0,
2016-08-14,174.0,
2016-08-15,176.0,
2016-08-16,173.0,
2016-08-17,170.0,
2016-08-18,166.0,
2016-08-19,162.0,
2016-08-20,155.0,
2016-08-21,148.0,
2016-08-22,143.0,
2016-08-23,144.0,
2016-08-24,151.0,
2016-08-25,157.0,
2016-08-26,159.0,
2016-08-27,166.0,
2016-08-29,157.0,
2016-09-01,166.0,
2016-09-02,168.0,
2016-09-03,176.0,
2016-09-04,170.0,
2016-09-05,162.0,
2016-09-06,156.0,
2016-09-07,155.0,
2016-09-08,161.0,
2016-09-09,162.0,
2016-09-10,163.0,
2016-09-11,161.0,
2016-09-12,162.0,
2016-09-13,166.0,
2016-09-14,168.0,
2016-09-15,167.0,
2016-09-16,163.0,
2016-09-17,161.0,
2016-09-18,155.0,
2016-09-19,147.0,
2016-09-20,139.0,
2016-09-21,132.0,
2016-09-22,125.0,
2016-09-23,118.0,
2016-09-24,120.0,
2016-09-25,125.0,
2016-09-26,126.0,
2016-09-27,132.0,
2016-09-28,136.0,
2016-09-29,138.0,
2016-09-30,140.0,
2016-10-01,134.0,
2016-10-02,128.0,
2016-10-03,122.0,
2016-10-04,120.0,
2016-10-05,122.0,
2016-10-06,126.0,
2016-10-07,127.0,
2016-10-08,125.0,
2016-10-09,123.0,
2016-10-10,119.0,
2016-10-11,122.0,
2016-10-12,125.0,
2016-10-13,127.0,
2016-10-14,129.0,
2016-10-15,131.0,
2016-10-16,129.0,
2016-10-17,125.0,
2016-10-18,124.0,
2016-10-19,124.0,
2016-10-20,125.0,
2016-10-21,126.0,
2016-10-22,130.0,
2016-10-23,131.0,
2016-10-24,133.0,
2016-10-25,138.0,
2016-10-26,145.0,
2016-10-27,142.0,
2016-10-28,143.0,
2016-10-29,141.0,
2016-10-30,141.0,
2016-10-31,144.0,
2016-11-01,150.0,
2016-11-02,158.0,
2016-11-03,155.0,
2016-11-04,158.0,
2016-11-05,156.0,
2016-11-06,158.0,
2016-11-07,153.0,
2016-11-08,153.0,
2016-11-09,155.0,
2016-11-10,154.0,
2016-11-11,157.0,
2016-11-12,157.0,
2016-11-13,158.0,
2016-11-14,163.0,
2016-11-15,165.0,
2016-12-09,191.0,
2016-12-10,192.0,
2016-12-11,187.0,
2016-12-12,184.0,
2016-12-13,180.0,
2016-12-14,177.0,
2016-12-15,173.0,
2016-12-16,181.0,
2016-12-17,184.0,
2016-12-18,182.0,
2016-12-19,184.0,
2016-12-20,182.0,
2016-12-21,182.0,
2016-12-22,185.0,
2016-12-23,185.0,
2016-12-24,188.0,
2016-12-25,193.0,
2016-12-26,186.0,
2016-12-27,183.0,
2016-12-28,185.0,
2016-12-29,186.0,
2016-12-30,190.0,
2016-12-31,199.0,
2017-01-01,193.0,
2017-01-02,191.0,
2017-01-03,190.0,
2017-01-04,188.0,
2017-01-05,188.0,
2017-01-06,196.0,
2017-01-07,196.0,
2017-01-08,192.0,
2017-01-09,187.0,
2017-01-10,179.0,
2017-01-11,170.0,
2017-01-12,164.0,
2017-01-13,167.0,
2017-01-14,169.0,
2017-01-15,172.0,
2017-01-16,169.0,
2017-01-17,168.0,
2017-01-18,167.0,
2017-01-19,166.0,
2017-01-20,171.0,
2017-01-21,170.0,
2017-01-22,166.0,
2017-01-23,160.0,
2017-01-28,171.0,
2017-01-29,170.0,
2017-01-30,169.0,
2017-01-31,170.0,
2017-02-01,176.0,
2017-02-02,177.0,
2017-02-03,182.0,
2017-02-04,189.0,
2017-02-05,190.0,
2017-02-06,193.0,
2017-02-07,193.0,
2017-02-08,199.0,
2017-02-09,207.0,
2017-02-10,207.0,
2017-02-11,206.0,
2017-02-12,206.0,
2017-02-13,208.0,
2017-02-14,200.0,
2017-02-15,202.0,
2017-02-16,203.0,
2017-02-17,202.0,
2017-02-19,205.0,
2017-02-20,203.0,
2017-02-21,205.0,
2017-02-22,207.0,
2017-02-23,209.0,
2017-02-24,216.0,
2017-02-25,223.0,
2017-02-26,234.0,
2017-02-27,246.0,
2017-02-28,253.0,
2017-03-01,265.0,
2017-03-02,275.0,
2017-03-03,288.0,
2017-03-04,295.0,
2017-03-05,302.0,
2017-03-06,310.0,
2017-03-07,295.0,
2017-03-08,281.0,
2017-03-09,267.0,
2017-03-10,253.0,
2017-03-11,240.0,
2017-03-12,238.0,
2017-03-13,236.0,
2017-03-14,231.0,
2017-03-15,223.0,
2017-03-16,214.0,
2017-03-17,217.0,
2017-03-18,217.0,
2017-03-19,215.0,
2017-03-20,214.0,
2017-03-21,216.0,
2017-03-22,218.0,
2017-03-23,227.0,
2017-03-24,238.0,
2017-03-25,239.0,
2017-03-26,239.0,
2017-03-27,236.0,
2017-03-28,235.0,
2017-03-29,235.0,
2017-03-30,232.0,
2017-03-31,242.0,
2017-04-01,252.0,
2017-04-02,263.0,
2017-04-03,277.0,
2017-04-04,290.0,
2017-04-05,292.0,
2017-04-13,296.0,
2017-04-14,291.0,
2017-04-15,298.0,
2017-04-16,306.0,
2017-04-17,313.0,
2017-04-18,326.0,
2017-04-19,331.0,
2017-04-20,324.0,
2017-04-21,319.0,
2017-04-22,317.0,
2017-04-23,313.0,
2017-04-24,307.0,
2017-04-25,296.0,
2017-04-26,289.0,
2017-04-27,291.0,
2017-04-28,282.0,
2017-04-29,271.0,
2017-04-30,258.0,
2017-05-01,248.0,
2017-05-02,235.0,
2017-05-03,238.0,
2017-05-04,244.0,
2017-05-05,247.0,
2017-05-06,253.0,
2017-05-07,251.0,
2017-05-08,254.0,
2017-05-09,260.0,
2017-05-10,266.0,
2017-05-11,263.0,
2017-05-12,271.0,
2017-05-13,268.0,
2017-05-14,268.0,
2017-05-15,265.0,
2017-05-16,268.0,
2017-05-17,266.0,
2017-05-18,264.0,
2017-05-19,263.0,
2017-05-20,271.0,
2017-05-21,279.0,
2017-05-22,286.0,
2017-05-23,289.0,
2017-05-24,300.0,
2017-05-25,289.0,
2017-05-26,286.0,
2017-05-27,289.0,
2017-05-28,289.0,
2017-05-29,290.0,
2017-05-30,295.0,
2017-05-31,300.0,
2017-06-01,299.0,
2017-06-02,295.0,
2017-06-03,296.0,
2017-06-04,294.0,
2017-06-07,282.0,
2017-06-08,275.0,
2017-06-09,265.0,
2017-06-10,259.0,
2017-06-11,247.0,
2017-06-12,239.0,
2017-06-13,239.0,
2017-06-14,241.0,
2017-06-15,236.0,
2017-06-16,235.0,
2017-06-17,232.0,
2017-06-18,229.0,
2017-06-19,229.0,
2017-06-20,228.0,
2017-06-21,225.0,
2017-06-22,224.0,
2017-06-23,225.0,
2017-06-24,221.0,
2017-06-25,215.0,
2017-06-26,211.0,
2017-06-27,214.0,
2017-06-28,211.0,
2017-06-29,207.0,
2017-06-30,200.0,
2017-07-01,196.0,
2017-07-02,193.0,
2017-07-03,191.0,
2017-07-04,191.0,
2017-07-05,190.0,
2017-07-06,194.0,
2017-07-07,189.0,
2017-07-08,189.0,
2017-07-09,187.0,
2017-07-14,174.0,
2017-07-15,179.0,
2017-07-16,187.0,
2017-07-17,194.0,
2017-07-18,185.0,
2017-07-19,186.0,
2017-07-20,192.0,
2017-07-21,201.0,
2017-07-22,208.0,
2017-07-23,200.0,
2017-07-24,191.0,
2017-07-25,188.0,
2017-07-26,186.0,
2017-07-27,191.0,
2017-07-28,197.0,
2017-07-29,195.0,
2017-07-30,197.0,
2017-07-31,194.0,
2017-08-01,192.0,
2017-08-02,190.0,
2017-08-03,186.0,
2017-08-04,185.0,
2017-08-05,191.0,
2017-08-06,187.0,
2017-08-07,180.0,
2017-08-10,172.0,
2017-08-11,173.0,
2017-08-12,171.0,
2017-08-13,169.0,
2017-08-14,166.0,
2017-08-15,162.0,
2017-08-16,159.0,
2017-08-17,158.0,
2017-08-18,160.0,
2017-08-19,163.0,
2017-08-20,165.0,
2017-08-21,159.0,
2017-08-23,162.0,
2017-08-24,168.0,
2017-08-25,174.0,
2017-08-26,176.0,
2017-08-27,181.0,
2017-08-28,178.0,
2017-08-29,177.0,
2017-08-30,181.0,
2017-08-31,178.0,
2017-09-01,176.0,
2017-09-02,173.0,
2017-09-03,173.0,
2017-09-04,177.0,
2017-09-05,175.0,
2017-09-06,172.0,
2017-09-07,174.0,
2017-09-08,173.0,
2017-09-09,172.0,
2017-09-10,170.0,
2017-09-11,167.0,
2017-09-12,164.0,
2017-09-13,163.0,
2017-09-14,167.0,
2017-09-15,173.0,
2017-09-16,176.0,
2017-09-17,174.0,
2017-09-18,175.0,
2017-09-20,184.0,
2017-09-21,184.0,
2017-09-22,186.0,
2017-09-23,186.0,
2017-09-24,183.0,
2017-09-25,180.0,
2017-09-26,175.0,
2017-09-27,168.0,
2017-09-28,168.0,
2017-09-29,165.0,
2017-09-30,164.0,
2017-10-01,160.0,
2017-10-02,158.0,
2017-10-03,156.0,
2017-10-04,156.0,
2017-10-05,158.0,
2017-10-06,157.0,
2017-10-07,154.0,
2017-10-08,152.0,
2017-10-09,150.0,
2017-10-10,148.0,
2017-10-11,144.0,
2017-10-12,144.0,
2017-10-13,142.0,
2017-10-14,141.0,
2017-10-15,140.0,
2017-10-16,141.0,
2017-10-17,138.0,
2017-10-18,139.0,
2017-10-19,136.0,
2017-10-20,137.0,
2017-10-21,137.0,
2017-10-22,135.0,
2017-10-23,135.0,
2017-10-24,132.0,
2017-10-25,130.0,
2017-10-26,126.0,
2017-10-27,123.0,
2017-10-28,121.0,
2017-10-29,119.0,
2017-10-30,118.0,
2017-10-31,116.0,
2017-11-01,114.0,
2017-11-02,111.0,
2017-11-03,111.0,
2017-11-04,110.0,
2017-11-05,110.0,
2017-11-06,108.0,
2017-11-07,108.0,
2017-11-08,112.0,
2017-11-09,116.0,
2017-11-10,114.0,
2017-11-11,114.0,
2017-11-12,114.0,
2017-11-13,109.0,
2017-11-14,109.0,
2017-11-15,109.0,
2017-11-16,109.0,
2017-11-17,109.0,
2017-11-18,110.0,
2017-11-19,113.0,
2017-11-20,113.0,
2017-11-21,116.0,
2017-11-22,122.0,
2017-11-23,123.0,
2017-11-24,126.0,
2017-11-25,125.0,
2017-11-26,125.0,
2017-11-27,121.0,
2017-11-28,122.0,
2017-11-29,121.0,
2017-11-30,121.0,
2017-12-01,123.0,
2017-12-02,129.0,
2017-12-03,133.0,
2017-12-04,129.0,
2017-12-05,126.0,
2017-12-06,127.0,
2017-12-07,130.0,
2017-12-08,134.0,
2017-12-09,135.0,
2017-12-10,133.0,
2017-12-11,133.0,
2017-12-12,132.0,
2017-12-13,129.0,
2017-12-15,127.0,
2017-12-16,124.0,
2017-12-17,123.0,
2017-12-18,122.0,
2017-12-19,119.0,
2017-12-20,119.0,
2017-12-21,118.0,
2017-12-22,117.0,
2017-12-23,114.0,
2017-12-24,112.0,
2017-12-25,109.0,
2017-12-26,109.0,
2017-12-27,110.0,
2017-12-28,108.0,
2017-12-29,110.0,
2017-12-30,110.0,
2017-12-31,110.0,
2018-01-01,110.0,
2018-01-02,109.0,
2018-01-03,109.0,
2018-01-04,109.0,
2018-01-05,109.0,
2018-01-06,107.0,
2018-01-07,107.0,
2018-01-08,108.0,
2018-01-09,108.0,
2018-01-10,110.0,
2018-01-11,108.0,
2018-01-12,107.0,
2018-01-13,108.0,
2018-01-14,107.0,
2018-01-15,108.0,
2018-01-16,107.0,
2018-01-17,106.0,
2018-01-18,106.0,
2018-01-19,106.0,
2018-01-20,103.0,
2018-01-21,105.0,
2018-01-22,110.0,
2018-01-23,111.0,
2018-01-24,110.0,
2018-01-25,113.0,
2018-01-26,116.0,
2018-01-27,119.0,
2018-01-28,119.0,
2018-01-29,120.0,
2018-01-30,124.0,
2018-02-01,123.0,
2018-02-02,123.0,
2018-02-03,123.0,
2018-02-04,121.0,
2018-02-05,119.0,
2018-02-06,118.0,
2018-02-07,119.0,
2018-02-08,119.0,
2018-02-09,124.0,
2018-02-10,126.0,
2018-02-11,127.0,
2018-02-12,128.0,
2018-02-13,129.0,
2018-02-14,132.0,
2018-02-15,131.0,
2018-02-16,137.0,
2018-02-17,142.0,
2018-02-18,140.0,
2018-02-19,141.0,16.0
2018-02-20,139.0,15.0
2018-02-21,136.0,15.0
2018-02-22,133.0,16.0
2018-02-23,131.0,18.0
2018-02-24,130.0,19.0
2018-02-25,127.0,17.0
2018-02-26,125.0,20.0
2018-02-27,125.0,17.0
2018-02-28,122.0,19.0
2018-03-01,121.0,21.0
2018-03-02,114.0,25.0
2018-03-03,108.0,29.0
2018-03-04,110.0,27.0
2018-03-05,115.0,28.0
2018-03-06,117.0,28.0
2018-03-07,120.0,28.0
2018-03-08,122.0,29.0
2018-03-09,122.0,19.0
2018-03-10,125.0,22.0
2018-03-11,127.0,20.0
2018-03-12,132.0,19.0
2018-03-13,129.0,20.0
2018-03-14,127.0,18.0
2018-03-15,124.0,15.0
2018-03-16,123.0,14.0
2018-03-17,123.0,13.0
2018-03-18,126.0,13.0
2018-03-19,130.0,13.0
2018-03-20,134.0,11.0
2018-03-21,133.0,11.0
2018-03-22,135.0,10.0
2018-03-24,138.0,11.0
2018-03-25,139.0,10.0
2018-03-27,147.0,12.0
2018-03-28,151.0,15.0
2018-03-29,157.0,16.0
2018-03-30,156.0,17.0
2018-03-31,153.0,18.0
2018-04-01,153.0,18.0
2018-04-02,156.0,16.0
2018-04-03,156.0,15.0
2018-04-04,156.0,14.0
2018-04-05,155.0,14.0
2018-04-06,152.0,12.0
2018-04-07,152.0,14.0
2018-04-09,150.0,14.0
2018-04-10,147.0,17.0
2018-04-11,147.0,16.0
2018-04-12,146.0,17.0
2018-04-13,148.0,16.0
2018-04-14,152.0,17.0
2018-04-15,152.0,18.0
2018-04-16,151.0,10.0
2018-04-17,147.0,9.0
2018-04-18,142.0,10.0
2018-04-19,140.0,12.0
2018-04-20,140.0,14.0
2018-04-21,137.0,15.0
2018-04-22,135.0,17.0
2018-04-23,134.0,15.0
2018-04-24,132.0,17.0
2018-04-25,130.0,16.0
2018-04-26,128.0,19.0
2018-04-27,128.0,18.0
2018-04-28,127.0,19.0
2018-04-29,124.0,19.0
2018-04-30,125.0,17.0
2018-05-01,127.0,18.0
2018-05-02,126.0,19.0
2018-05-03,126.0,14.0
2018-05-04,129.0,16.0
2018-05-05,130.0,15.0
2018-05-06,131.0,15.0
2018-05-07,131.0,16.0
2018-05-08,129.0,16.0
2018-05-09,129.0,15.0
2018-05-10,129.0,15.0
2018-05-11,133.0,18.0
2018-05-12,138.0,18.0
2018-05-13,139.0,17.0
2018-05-14,139.0,17.0
2018-05-15,139.0,13.0
2018-05-16,138.0,13.0
2018-05-17,135.0,16.0
2018-05-18,130.0,15.0
2018-05-19,127.0,17.0
2018-05-20,128.0,18.0
2018-05-21,133.0,17.0
2018-05-22,133.0,18.0
2018-05-23,134.0,18.0
2018-05-24,134.0,16.0
2018-05-25,137.0,17.0
2018-05-26,136.0,15.0
2018-05-27,136.0,14.0
2018-05-28,135.0,12.0
2018-05-29,137.0,12.0
2018-05-30,137.0,14.0
2018-05-31,142.0,13.0
2018-06-01,148.0,13.0
2018-06-02,148.0,14.0
2018-06-03,153.0,13.0
2018-06-04,156.0,13.0
2018-06-05,154.0,15.0
2018-06-06,154.0,14.0
2018-06-07,153.0,14.0
2018-06-08,153.0,14.0
2018-06-09,150.0,15.0
2018-06-10,150.0,13.0
2018-06-11,153.0,11.0
2018-06-12,154.0,11.0
2018-06-13,153.0,10.0
2018-06-14,151.0,11.0
2018-06-15,152.0,10.0
2018-06-16,154.0,11.0
2018-06-17,159.0,11.0
2018-06-18,165.0,9.0
2018-06-19,167.0,10.0
2018-06-20,170.0,10.0
2018-06-21,172.0,8.0
2018-06-22,174.0,10.0
2018-06-23,176.0,11.0
2018-06-24,180.0,10.0
2018-06-25,184.0,12.0
2018-06-26,190.0,12.0
2018-06-27,199.0,
2018-06-28,198.0,
2018-06-29,193.0,
2018-06-30,186.0,
2018-07-01,182.0,
2018-07-02,179.0,
2018-07-03,175.0,10.0
2018-07-04,173.0,12.0
2018-07-05,171.0,9.0
2018-07-06,169.0,8.0
2018-07-07,173.0,11.0
2018-07-08,178.0,11.0
2018-07-09,182.0,13.0
2018-07-10,182.0,13.0
2018-07-11,187.0,12.0
2018-07-12,188.0,13.0
2018-07-13,183.0,15.0
2018-07-14,188.0,14.0
2018-07-15,186.0,16.0
2018-07-16,181.0,15.0
2018-07-17,181.0,13.0
2018-07-18,177.0,15.0
2018-07-19,177.0,15.0
2018-07-20,178.0,17.0
2018-07-21,176.0,17.0
2018-07-22,173.0,16.0
2018-07-23,169.0,19.0
2018-07-24,172.0,15.0
2018-07-25,173.0,13.0
2018-07-26,173.0,15.0
2018-07-27,170.0,16.0
2018-07-28,170.0,18.0
2018-07-29,170.0,16.0
2018-07-30,169.0,15.0
2018-07-31,167.0,16.0
2018-08-01,168.0,16.0
2018-08-02,165.0,18.0
2018-08-03,163.0,11.0
2018-08-04,162.0,13.0
2018-08-05,161.0,16.0
2018-08-06,159.0,14.0
2018-08-07,159.0,14.0
2018-08-08,163.0,16.0
2018-08-09,168.0,18.0
2018-08-10,176.0,15.0
2018-08-11,178.0,15.0
2018-08-12,173.0,13.0
2018-08-13,175.0,17.0
2018-08-15,178.0,15.0
2018-08-17,191.0,15.0
2018-08-18,192.0,17.0
2018-08-19,188.0,16.0
2018-08-20,185.0,15.0
2018-08-21,189.0,15.0
2018-08-22,199.0,14.0
2018-08-23,207.0,14.0
2018-08-24,215.0,14.0
2018-08-25,226.0,13.0
2018-08-26,234.0,15.0
2018-08-27,232.0,
2018-08-28,230.0,13.0
2018-08-29,231.0,15.0
2018-08-30,233.0,14.0
2018-08-31,242.0,14.0
2018-09-01,250.0,15.0
2018-09-02,246.0,15.0
2018-09-03,242.0,15.0
2018-09-04,242.0,12.0
2018-09-05,253.0,15.0
2018-09-06,253.0,13.0
2018-09-07,251.0,13.0
2018-09-08,249.0,10.0
2018-09-09,248.0,13.0
2018-09-10,248.0,13.0
2018-09-11,248.0,8.0
2018-09-12,257.0,9.0
2018-09-13,254.0,11.0
2018-09-14,249.0,12.0
2018-09-15,248.0,11.0
2018-09-16,248.0,12.0
2018-09-17,251.0,12.0
2018-09-18,249.0,12.0
2018-09-19,252.0,14.0
2018-09-20,263.0,13.0
2018-09-21,273.0,13.0
2018-09-22,268.0,12.0
2018-09-23,267.0,13.0
2018-09-24,269.0,11.0
2018-09-25,273.0,13.0
2018-09-26,272.0,12.0
2018-09-27,278.0,11.0
2018-09-28,283.0,10.0
2018-09-29,291.0,11.0
2018-09-30,298.0,
2018-10-01,298.0,10.0
2018-10-03,294.0,
2018-10-04,293.0,
2018-10-05,290.0,
2018-10-06,276.0,11.0
2018-10-07,267.0,13.0
2018-10-08,263.0,13.0
2018-10-09,260.0,13.0
2018-10-10,257.0,14.0
2018-10-11,254.0,14.0
2018-10-12,251.0,16.0
2018-10-13,250.0,16.0
2018-10-14,248.0,14.0
2018-10-15,247.0,
2018-10-16,246.0,11.0
2018-10-17,245.0,10.0
2018-10-18,243.0,
2018-10-19,245.0,
2018-10-20,251.0,
2018-10-21,261.0,
2018-10-22,260.0,
2018-10-23,260.0,
2018-10-24,257.0,
2018-10-25,254.0,
2018-10-26,251.0,
2018-10-27,249.0,
2018-10-28,246.0,
2018-10-29,243.0,
2018-10-30,241.0,
2018-10-31,243.0,12.0
2018-11-01,241.0,13.0
2018-11-02,240.0,15.0
2018-11-04,247.0,17.0
2018-11-05,245.0,20.0
2018-11-06,244.0,23.0
2018-11-07,242.0,23.0
2018-11-08,241.0,24.0
2018-11-09,240.0,24.0
2018-11-10,238.0,22.0
2018-11-11,236.0,28.0
2018-11-12,235.0,28.0
2018-11-13,233.0,29.0
2018-11-14,231.0,27.0
2018-11-15,230.0,29.0
2018-11-16,228.0,27.0
2018-11-17,224.0,33.0
2018-11-18,220.0,27.0
2018-11-19,217.0,32.0
2018-11-20,213.0,30.0
2018-11-21,209.0,32.0
2018-11-22,209.0,32.0
2018-11-23,207.0,32.0
2018-11-24,209.0,30.0
2018-11-25,208.0,31.0
2018-11-26,211.0,27.0
2018-11-27,218.0,27.0
2018-11-28,216.0,22.0
2018-11-29,218.0,27.0
2018-11-30,220.0,27.0
2018-12-02,218.0,27.0
2018-12-03,219.0,26.0
2018-12-04,219.0,26.0
2018-12-05,217.0,26.0
2018-12-06,216.0,24.0
2018-12-08,214.0,25.0
2018-12-10,219.0,28.0
2018-12-11,218.0,30.0
2018-12-12,221.0,28.0
2018-12-13,219.0,27.0
2018-12-14,218.0,26.0
2018-12-15,217.0,28.0
2018-12-16,217.0,25.0
2018-12-17,215.0,23.0
2018-12-18,216.0,20.0
2018-12-19,215.0,23.0
2018-12-20,212.0,22.0
2018-12-21,210.0,22.0
2018-12-22,205.0,23.0
2018-12-23,199.0,22.0
2018-12-24,195.0,25.0
2018-12-25,193.0,2522774.0
2018-12-26,193.0,2861391.0
2018-12-27,196.0,6112458.0
2018-12-28,196.0,2225148.0
2018-12-29,195.0,6586177.0
2018-12-30,194.0,2864209.0
2018-12-31,198.0,4569540.0
2019-01-01,202.0,2908134.0
2019-01-02,205.0,4822701.0
2019-01-03,203.0,3555724.0
2019-01-04,201.0,2823009.0
2019-01-05,200.0,4973257.0
2019-01-06,202.0,878422.0
2019-01-07,199.0,1953540.0
2019-01-09,198.0,3607885.0
2019-01-11,196.0,2191377.0
2019-01-12,196.0,4147876.0
2019-01-13,199.0,1350075.0
2019-01-14,200.0,3831770.0
2019-01-15,198.0,3773401.0
2019-01-16,198.0,3094825.0
2019-01-17,201.0,4298952.0
2019-01-18,204.0,3468944.0
2019-01-19,203.0,4539377.0
2019-01-20,202.0,438154.0
2019-01-21,200.0,2544443.0
2019-01-22,199.0,4447209.0
2019-01-23,200.0,176781.0
2019-01-24,201.0,2912865.0
2019-01-25,199.0,3911433.0
2019-01-26,205.0,3362995.0
2019-01-27,216.0,3489902.0
2019-01-28,225.0,2135500.0
2019-01-29,236.0,4457531.0
2019-01-30,245.0,3393322.0
2019-01-31,255.0,1814807.0
2019-02-01,261.0,5532707.0
2019-02-02,262.0,2771682.0
2019-02-03,252.0,1200789.0
2019-02-04,247.0,1590929.0
2019-02-05,246.0,5308257.0
2019-02-06,238.0,2184928.0
2019-02-07,240.0,5819752.0
2019-02-08,236.0,3469542.0
2019-02-09,237.0,3336473.0
2019-02-10,241.0,255777.0
2019-02-11,236.0,3853927.0
2019-02-12,231.0,2813818.0
2019-02-13,226.0,1179015.0
2019-02-14,220.0,1703148.0
2019-02-15,220.0,5001624.0
2019-02-16,210.0,4019999.0
2019-02-17,199.0,3305083.0
2019-02-18,199.0,3092349.0
2019-02-19,207.0,3111496.0
2019-02-20,214.0,3161229.0
2019-02-21,220.0,2792905.0
2019-02-22,228.0,2171315.0
2019-02-23,227.0,3679468.0
2019-02-24,223.0,4120350.0
2019-02-25,221.0,3690793.0
2019-02-26,221.0,3177129.0
2019-02-27,223.0,2295835.0
2019-02-28,220.0,2095997.0
2019-03-01,219.0,3494965.0
2019-03-02,213.0,4415563.0
2019-03-03,203.0,5421864.0
2019-03-04,192.0,5063495.0
2019-03-05,182.0,5595164.0
2019-03-06,172.0,1275705.0
2019-03-07,164.0,4524551.0
2019-03-08,169.0,1630522.0
2019-03-09,175.0,4930428.0
2019-03-10,172.0,5679920.0
2019-03-11,170.0,4098091.0
2019-03-12,165.0,5268886.0
2019-03-13,169.0,1687141.0
2019-03-14,178.0,4384072.0
2019-03-15,178.0,2343191.0
2019-03-16,175.0,3768585.0
2019-03-17,169.0,1806325.0
2019-03-18,163.0,2417095.0
2019-03-19,158.0,3744958.0
2019-03-20,156.0,266638.0
2019-03-21,154.0,4393725.0
2019-03-22,157.0,1931917.0
2019-03-23,161.0,7395816.0
2019-03-24,157.0,1055345.0
2019-03-25,149.0,2379363.0
2019-03-26,143.0,4639408.0
2019-03-27,143.0,1560743.0
2019-03-28,148.0,3071233.0
2019-03-29,152.0,5743694.0
2019-03-30,151.0,1730279.0
2019-03-31,145.0,4588820.0
2019-04-01,137.0,580104.0
2019-04-02,133.0,2994456.0
2019-04-03,136.0,846378.0
2019-04-04,130.0,3932915.0
2019-04-05,127.0,3586623.0
2019-04-06,129.0,2364881.0
2019-04-07,129.0,5338119.0
2019-04-08,127.0,5032871.0
2019-04-09,124.0,4824831.0
2019-04-10,117.0,6164787.0
2019-04-11,112.0,4254683.0
2019-04-12,114.0,7523520.0
2019-04-13,118.0,8174064.0
2019-04-14,116.0,2285120.0
2019-04-15,110.0,4300252.0
2019-04-16,107.0,1009030.0
2019-04-17,109.0,547065.0
2019-04-18,107.0,5681525.0
2019-04-19,101.0,3715137.0
2019-04-20,102.0,5375410.0
2019-04-21,104.0,2055943.0
2019-04-22,106.0,834182.0
2019-04-23,108.0,7040298.0
2019-04-24,103.0,5373451.0
2019-04-25,99.0,4544234.0
2019-04-26,102.0,4897953.0
2019-04-27,105.0,2939143.0
2019-04-28,109.0,41979.0
2019-04-29,113.0,3232340.0
2019-04-30,116.0,6293387.0
2019-05-01,112.0,3063210.0
2019-05-02,110.0,3413178.0
2019-05-03,106.0,6968235.0
2019-05-04,103.0,4938609.0
2019-05-05,106.0,3301918.0
2019-05-06,111.0,321955.0
2019-05-07,111.0,4496359.0
2019-05-08,110.0,3789717.0
2019-05-09,108.0,2775469.0
2019-05-10,110.0,3270598.0
2019-05-11,111.0,4754852.0
2019-05-12,109.0,5122306.0
2019-05-13,109.0,4538840.0
2019-05-14,109.0,4580006.0
2019-05-15,108.0,170260.0
2019-05-16,109.0,3490497.0
2019-05-17,109.0,2287707.0
2019-05-18,109.0,7954565.0
2019-05-19,108.0,338784.0
2019-05-20,112.0,3992271.0
2019-05-21,114.0,2456158.0
2019-05-22,114.0,4119404.0
2019-05-23,111.0,2634249.0
2019-05-24,115.0,3024308.0
2019-05-25,118.0,3507254.0
2019-05-26,117.0,3732856.0
2019-05-27,113.0,312789.0
2019-05-28,109.0,3868780.0
2019-05-29,110.0,1522919.0
2019-05-30,109.0,3928887.0
2019-05-31,106.0,3429869.0
2019-06-01,102.0,3954171.0
2019-06-02,103.0,3510531.0
2019-06-03,107.0,2338537.0
2019-06-04,112.0,4902413.0
2019-06-05,111.0,1158571.0
2019-06-06,110.0,3341884.0
2019-06-07,109.0,3514549.0
2019-06-08,110.0,6058510.0
2019-06-09,109.0,898627.0
2019-06-10,106.0,1443038.0
2019-06-11,107.0,5753862.0
2019-06-12,107.0,3055428.0
2019-06-13,109.0,3076493.0
2019-06-14,113.0,3093908.0
2019-06-15,114.0,2144996.0
2019-06-16,113.0,421071.0
2019-06-17,113.0,3350334.0
2019-06-18,114.0,2226594.0
2019-06-19,115.0,2767054.0
2019-06-20,116.0,4396286.0
2019-06-21,119.0,2333342.0
2019-06-22,124.0,2045048.0
2019-06-23,129.0,845.0
2019-06-24,129.0,2384509.0
2019-06-25,125.0,3613083.0
2019-06-26,121.0,3497513.0
2019-06-27,117.0,3112554.0
2019-06-28,121.0,1639174.0
2019-06-29,120.0,4085942.0
2019-06-30,122.0,771489.0
2019-07-01,119.0,1686319.0
2019-07-02,119.0,3205032.0
2019-07-03,118.0,2460419.0
2019-07-04,123.0,2200046.0
2019-07-05,120.0,3026325.0
2019-07-06,120.0,2646426.0
2019-07-07,120.0,3161630.0
2019-07-08,120.0,3115315.0
2019-07-09,117.0,3356810.0
2019-07-10,119.0,2754433.0
2019-07-11,122.0,2281037.0
2019-07-12,122.0,3492979.0
2019-07-13,123.0,2005152.0
2019-07-14,121.0,1155932.0
2019-07-15,121.0,1506748.0
2019-07-16,123.0,1481227.0
2019-07-17,129.0,619627.0
2019-07-18,133.0,2161222.0
2019-07-19,139.0,2026954.0
2019-07-20,138.0,2071148.0
2019-07-21,137.0,266307.0
2019-07-22,137.0,3194212.0
2019-07-23,130.0,2823978.0
2019-07-24,127.0,1481227.0
2019-07-25,127.0,1868883.0
2019-07-26,131.0,1933808.0
2019-07-27,132.0,2959844.0
2019-07-28,134.0,2564519.0
2019-07-29,134.0,2021752.0
2019-07-30,132.0,2825461.0
2019-07-31,135.0,1885409.0
2019-08-01,136.0,1864467.0
2019-08-02,138.0,2005139.0
2019-08-03,140.0,1349089.0
2019-08-04,137.0,811172.0
2019-08-05,132.0,439320.0
2019-08-06,134.0,466333.0
2019-08-07,134.0,968178.0
2019-08-08,134.0,335015.0
2019-08-09,133.0,1452533.0
2019-08-10,133.0,3860393.0
2019-08-11,129.0,297722.0
2019-08-12,130.0,177385.0
2019-08-13,131.0,338753.0
